date_reported,time_reported,location,incident_type,offense,disposition,hour
01/01/2025,20:48:27,"PARKING LOT A1, COLUMBIA MO, 65201",PROPERTY DAMAGE,PROPERTY DAMAGE,CLOSED,20
01/03/2025,18:34:15,"3315 BERRYWOOD DR, COLUMBIA MO, 65201",VANDALISM,VANDALISM,ACTIVE,18
01/04/2026,20:11:35,"MIZZOU ARENA, COLUMBIA MO, 65201",ASSAULT-SIMPLE,ASSAULT-SIMPLE,ACTIVE,20
01/05/2025,22:10:57,"MEMORIAL UNION, COLUMBIA MO, 65201",BURGLARY,BURGLARY,CLOSED,22
01/05/2026,05:55:58,"JESSE HALL, COLUMBIA MO, 65201",LARCENY - OTHER,LARCENY - OTHER,CLOSED,5
01/07/2025,07:39:48,"820 CONLEY AVE, COLUMBIA MO, 65201",BURGLARY,BURGLARY,EXCEPTIONALLY CLEARED,7
01/09/2026,23:37:02,"812 N KEENE ST, COLUMBIA MO, 65201",DRUG - PARAPHERNALIA / EQUIPMENT,DRUG - PARAPHERNALIA / EQUIPMENT,ACTIVE,23
01/10/2026,02:32:48,"JESSE HALL, COLUMBIA MO, 65201",CRASH INVESTIGATION,CRASH INVESTIGATION,ACTIVE,2
01/11/2025,18:18:19,"MIZZOU ARENA, COLUMBIA MO, 65201",BURGLARY,BURGLARY,ACTIVE,18
01/12/2026,17:25:45,"PARKING LOT C2, COLUMBIA MO, 65201",MOTOR VEHICLE THEFT,MOTOR VEHICLE THEFT,EXCEPTIONALLY CLEARED,17
01/13/2025,23:59:48,"820 CONLEY AVE, COLUMBIA MO, 65201",VANDALISM,VANDALISM,CLOSED,23
01/14/2025,16:56:54,"STUDENT CENTER, COLUMBIA MO, 65201",ASSAULT-SIMPLE,ASSAULT-SIMPLE,CLOSED,16
01/15/2025,18:54:39,"TIGER PLAZA, COLUMBIA MO, 65201",PROPERTY DAMAGE,PROPERTY DAMAGE,ACTIVE,18
01/18/2026,21:11:38,"PARKING LOT C2, COLUMBIA MO, 65201",LARCENY - OTHER,LARCENY - OTHER,CLOSED,21
01/19/2025,08:22:21,"TRULASKE BUSINESS, COLUMBIA MO, 65201",ASSAULT-SIMPLE,ASSAULT-SIMPLE,EXCEPTIONALLY CLEARED,8
01/25/2025,20:24:02,"JESSE HALL, COLUMBIA MO, 65201",ASSAULT-SIMPLE,ASSAULT-SIMPLE,ACTIVE,20
01/29/2025,10:09:29,"GREEK TOWN, COLUMBIA MO, 65201",HARASSMENT,HARASSMENT,CLEARED BY ARREST,10
01/29/2026,15:58:18,"3315 BERRYWOOD DR, COLUMBIA MO, 65201",LARCENY - THEFT FROM BUILDING,LARCENY - THEFT FROM BUILDING,EXCEPTIONALLY CLEARED,15
01/31/2025,12:33:56,"ELLIS LIBRARY, COLUMBIA MO, 65201",MOTOR VEHICLE THEFT,MOTOR VEHICLE THEFT,ACTIVE,12
02/01/2024,23:12:03,"TRULASKE BUSINESS, COLUMBIA MO, 65201",LARCENY - THEFT FROM BUILDING,LARCENY - THEFT FROM BUILDING,EXCEPTIONALLY CLEARED,23
02/04/2024,09:28:44,"812 N KEENE ST, COLUMBIA MO, 65201",LARCENY - OTHER,LARCENY - OTHER,CLEARED BY ARREST,9
02/04/2025,18:29:18,"FAUROT FIELD, COLUMBIA MO, 65201",LARCENY - THEFT FROM BUILDING,LARCENY - THEFT FROM BUILDING,EXCEPTIONALLY CLEARED,18
02/08/2024,21:51:14,"GREEK TOWN, COLUMBIA MO, 65201",HARASSMENT,HARASSMENT,CLOSED,21
02/09/2024,21:43:16,"MEMORIAL UNION, COLUMBIA MO, 65201",CRASH INVESTIGATION,CRASH INVESTIGATION,CLOSED,21
02/09/2024,14:18:47,"MIZZOU ARENA, COLUMBIA MO, 65201",ASSAULT-SIMPLE,ASSAULT-SIMPLE,EXCEPTIONALLY CLEARED,14
02/11/2024,23:33:24,"MIZZOU ARENA, COLUMBIA MO, 65201",BURGLARY,BURGLARY,EXCEPTIONALLY CLEARED,23
02/13/2024,20:19:00,"ELLIS LIBRARY, COLUMBIA MO, 65201",DRUG - PARAPHERNALIA / EQUIPMENT,DRUG - PARAPHERNALIA / EQUIPMENT,ACTIVE,20
02/13/2025,20:03:24,"JESSE HALL, COLUMBIA MO, 65201",MOTOR VEHICLE THEFT,MOTOR VEHICLE THEFT,EXCEPTIONALLY CLEARED,20
02/17/2024,16:37:57,"REC CENTER, COLUMBIA MO, 65201",BURGLARY,BURGLARY,CLOSED,16
02/18/2025,18:57:46,"812 N KEENE ST, COLUMBIA MO, 65201",DRUG - PARAPHERNALIA / EQUIPMENT,DRUG - PARAPHERNALIA / EQUIPMENT,CLEARED BY ARREST,18
02/20/2024,20:45:15,"HITT STREET, COLUMBIA MO, 65201",ASSAULT-SIMPLE,ASSAULT-SIMPLE,EXCEPTIONALLY CLEARED,20
02/20/2025,11:20:32,"PARKING LOT A1, COLUMBIA MO, 65201",MOTOR VEHICLE THEFT,MOTOR VEHICLE THEFT,ACTIVE,11
02/20/2025,15:54:11,"812 N KEENE ST, COLUMBIA MO, 65201",PROPERTY DAMAGE,PROPERTY DAMAGE,ACTIVE,15
02/21/2025,22:43:52,"1 HOSPITAL DR, COLUMBIA MO, 65201",HARASSMENT,HARASSMENT,EXCEPTIONALLY CLEARED,22
02/23/2025,21:48:02,"JESSE HALL, COLUMBIA MO, 65201",HARASSMENT,HARASSMENT,EXCEPTIONALLY CLEARED,21
02/24/2025,12:03:53,"PARKING LOT A1, COLUMBIA MO, 65201",LARCENY - OTHER,LARCENY - OTHER,CLOSED,12
02/25/2025,21:41:51,"MIZZOU ARENA, COLUMBIA MO, 65201",LARCENY - THEFT FROM BUILDING,LARCENY - THEFT FROM BUILDING,CLOSED,21
02/27/2024,23:05:26,"1199 E STADIUM BLVD, COLUMBIA MO, 65201",HARASSMENT,HARASSMENT,EXCEPTIONALLY CLEARED,23
02/27/2025,21:25:41,"MEMORIAL UNION, COLUMBIA MO, 65201",ASSAULT-SIMPLE,ASSAULT-SIMPLE,ACTIVE,21
02/28/2024,16:23:01,"GREEK TOWN, COLUMBIA MO, 65201",MOTOR VEHICLE THEFT,MOTOR VEHICLE THEFT,CLEARED BY ARREST,16
02/29/2024,16:39:10,"TRULASKE BUSINESS, COLUMBIA MO, 65201",PROPERTY DAMAGE,PROPERTY DAMAGE,CLEARED BY ARREST,16
02/29/2024,07:18:07,"MIZZOU ARENA, COLUMBIA MO, 65201",LARCENY - THEFT FROM BUILDING,LARCENY - THEFT FROM BUILDING,ACTIVE,7
03/02/2025,15:58:20,"TIGER PLAZA, COLUMBIA MO, 65201",PROPERTY DAMAGE,PROPERTY DAMAGE,ACTIVE,15
03/03/2024,17:48:44,"FAUROT FIELD, COLUMBIA MO, 65201",HARASSMENT,HARASSMENT,CLOSED,17
03/05/2024,15:07:38,"1199 E STADIUM BLVD, COLUMBIA MO, 65201",MOTOR VEHICLE THEFT,MOTOR VEHICLE THEFT,CLOSED,15
03/06/2024,15:25:07,"REC CENTER, COLUMBIA MO, 65201",MOTOR VEHICLE THEFT,MOTOR VEHICLE THEFT,CLOSED,15
03/06/2024,23:35:49,"3315 BERRYWOOD DR, COLUMBIA MO, 65201",HARASSMENT,HARASSMENT,CLOSED,23
03/07/2025,09:46:22,"GREEK TOWN, COLUMBIA MO, 65201",DRUG - PARAPHERNALIA / EQUIPMENT,DRUG - PARAPHERNALIA / EQUIPMENT,CLOSED,9
03/08/2024,23:48:45,"1 HOSPITAL DR, COLUMBIA MO, 65201",DRUG - PARAPHERNALIA / EQUIPMENT,DRUG - PARAPHERNALIA / EQUIPMENT,EXCEPTIONALLY CLEARED,23
03/08/2025,18:38:16,"1 HOSPITAL DR, COLUMBIA MO, 65201",HARASSMENT,HARASSMENT,EXCEPTIONALLY CLEARED,18
03/09/2024,23:50:53,"1199 E STADIUM BLVD, COLUMBIA MO, 65201",HARASSMENT,HARASSMENT,ACTIVE,23
03/10/2024,00:28:48,"PARKING LOT A1, COLUMBIA MO, 65201",DRUG - PARAPHERNALIA / EQUIPMENT,DRUG - PARAPHERNALIA / EQUIPMENT,ACTIVE,0
03/10/2024,08:41:57,"GREEK TOWN, COLUMBIA MO, 65201",BURGLARY,BURGLARY,CLEARED BY ARREST,8
03/11/2024,20:26:12,"1133 ASHLAND RD, COLUMBIA MO, 65201",LARCENY - THEFT FROM BUILDING,LARCENY - THEFT FROM BUILDING,EXCEPTIONALLY CLEARED,20
03/13/2025,20:36:34,"1 HOSPITAL DR, COLUMBIA MO, 65201",HARASSMENT,HARASSMENT,ACTIVE,20
03/14/2025,23:57:06,"3315 BERRYWOOD DR, COLUMBIA MO, 65201",VANDALISM,VANDALISM,ACTIVE,23
03/14/2025,20:07:57,"STUDENT CENTER, COLUMBIA MO, 65201",PROPERTY DAMAGE,PROPERTY DAMAGE,CLOSED,20
03/17/2024,16:13:25,"HITT STREET, COLUMBIA MO, 65201",VANDALISM,VANDALISM,ACTIVE,16
03/17/2025,21:03:21,"REC CENTER, COLUMBIA MO, 65201",LARCENY - OTHER,LARCENY - OTHER,ACTIVE,21
03/18/2025,20:29:36,"3315 BERRYWOOD DR, COLUMBIA MO, 65201",CRASH INVESTIGATION,CRASH INVESTIGATION,EXCEPTIONALLY CLEARED,20
03/20/2024,11:19:40,"MIZZOU ARENA, COLUMBIA MO, 65201",LARCENY - THEFT FROM BUILDING,LARCENY - THEFT FROM BUILDING,CLOSED,11
03/21/2025,18:43:53,"REC CENTER, COLUMBIA MO, 65201",BURGLARY,BURGLARY,CLOSED,18
03/21/2025,22:34:06,"TIGER PLAZA, COLUMBIA MO, 65201",MOTOR VEHICLE THEFT,MOTOR VEHICLE THEFT,ACTIVE,22
03/22/2024,21:39:40,"ENGINEERING BUILDING, COLUMBIA MO, 65201",CRASH INVESTIGATION,CRASH INVESTIGATION,CLEARED BY ARREST,21
03/24/2024,13:43:04,"3315 BERRYWOOD DR, COLUMBIA MO, 65201",BURGLARY,BURGLARY,CLOSED,13
03/24/2025,13:06:03,"JESSE HALL, COLUMBIA MO, 65201",MOTOR VEHICLE THEFT,MOTOR VEHICLE THEFT,ACTIVE,13
03/25/2024,21:23:51,"STUDENT CENTER, COLUMBIA MO, 65201",LARCENY - THEFT FROM BUILDING,LARCENY - THEFT FROM BUILDING,EXCEPTIONALLY CLEARED,21
03/28/2025,20:34:47,"1 HOSPITAL DR, COLUMBIA MO, 65201",VANDALISM,VANDALISM,ACTIVE,20
03/29/2024,06:36:25,"ELLIS LIBRARY, COLUMBIA MO, 65201",DRUG - PARAPHERNALIA / EQUIPMENT,DRUG - PARAPHERNALIA / EQUIPMENT,EXCEPTIONALLY CLEARED,6
04/01/2024,20:41:24,"1 HOSPITAL DR, COLUMBIA MO, 65201",BURGLARY,BURGLARY,CLEARED BY ARREST,20
04/01/2024,13:59:05,"GREEK TOWN, COLUMBIA MO, 65201",BURGLARY,BURGLARY,EXCEPTIONALLY CLEARED,13
04/05/2024,18:46:48,"TRULASKE BUSINESS, COLUMBIA MO, 65201",DRUG - PARAPHERNALIA / EQUIPMENT,DRUG - PARAPHERNALIA / EQUIPMENT,ACTIVE,18
04/05/2024,01:08:23,"PARKING LOT A1, COLUMBIA MO, 65201",LARCENY - THEFT FROM BUILDING,LARCENY - THEFT FROM BUILDING,EXCEPTIONALLY CLEARED,1
04/11/2025,21:25:40,"MIZZOU ARENA, COLUMBIA MO, 65201",ASSAULT-SIMPLE,ASSAULT-SIMPLE,ACTIVE,21
04/15/2024,12:37:59,"1133 ASHLAND RD, COLUMBIA MO, 65201",LARCENY - OTHER,LARCENY - OTHER,CLOSED,12
04/15/2024,22:35:24,"3315 BERRYWOOD DR, COLUMBIA MO, 65201",DRUG - PARAPHERNALIA / EQUIPMENT,DRUG - PARAPHERNALIA / EQUIPMENT,CLOSED,22
04/15/2025,17:20:46,"MIZZOU ARENA, COLUMBIA MO, 65201",DRUG - PARAPHERNALIA / EQUIPMENT,DRUG - PARAPHERNALIA / EQUIPMENT,CLOSED,17
04/16/2025,18:40:48,"1 HOSPITAL DR, COLUMBIA MO, 65201",LARCENY - THEFT FROM BUILDING,LARCENY - THEFT FROM BUILDING,EXCEPTIONALLY CLEARED,18
04/20/2025,23:11:08,"GREEK TOWN, COLUMBIA MO, 65201",BURGLARY,BURGLARY,CLEARED BY ARREST,23
04/21/2024,23:03:09,"TRULASKE BUSINESS, COLUMBIA MO, 65201",HARASSMENT,HARASSMENT,CLOSED,23
04/25/2025,07:29:49,"820 CONLEY AVE, COLUMBIA MO, 65201",DRUG - PARAPHERNALIA / EQUIPMENT,DRUG - PARAPHERNALIA / EQUIPMENT,CLOSED,7
04/25/2025,08:08:39,"820 CONLEY AVE, COLUMBIA MO, 65201",LARCENY - THEFT FROM BUILDING,LARCENY - THEFT FROM BUILDING,ACTIVE,8
04/26/2024,23:13:14,"MEMORIAL UNION, COLUMBIA MO, 65201",DRUG - PARAPHERNALIA / EQUIPMENT,DRUG - PARAPHERNALIA / EQUIPMENT,ACTIVE,23
04/28/2025,17:25:25,"MEMORIAL UNION, COLUMBIA MO, 65201",DRUG - PARAPHERNALIA / EQUIPMENT,DRUG - PARAPHERNALIA / EQUIPMENT,EXCEPTIONALLY CLEARED,17
04/30/2025,19:16:25,"GREEK TOWN, COLUMBIA MO, 65201",DRUG - PARAPHERNALIA / EQUIPMENT,DRUG - PARAPHERNALIA / EQUIPMENT,EXCEPTIONALLY CLEARED,19
05/01/2025,09:40:38,"1 HOSPITAL DR, COLUMBIA MO, 65201",LARCENY - THEFT FROM BUILDING,LARCENY - THEFT FROM BUILDING,ACTIVE,9
05/02/2025,19:34:48,"TIGER PLAZA, COLUMBIA MO, 65201",ASSAULT-SIMPLE,ASSAULT-SIMPLE,EXCEPTIONALLY CLEARED,19
05/03/2025,22:33:59,"JESSE HALL, COLUMBIA MO, 65201",LARCENY - THEFT FROM BUILDING,LARCENY - THEFT FROM BUILDING,CLEARED BY ARREST,22
05/04/2025,20:25:33,"3315 BERRYWOOD DR, COLUMBIA MO, 65201",LARCENY - OTHER,LARCENY - OTHER,ACTIVE,20
05/05/2025,02:10:32,"HITT STREET, COLUMBIA MO, 65201",CRASH INVESTIGATION,CRASH INVESTIGATION,CLEARED BY ARREST,2
05/06/2024,23:31:55,"MIZZOU ARENA, COLUMBIA MO, 65201",PROPERTY DAMAGE,PROPERTY DAMAGE,ACTIVE,23
05/06/2024,15:31:36,"PARKING LOT C2, COLUMBIA MO, 65201",LARCENY - THEFT FROM BUILDING,LARCENY - THEFT FROM BUILDING,CLEARED BY ARREST,15
05/08/2024,20:14:26,"1199 E STADIUM BLVD, COLUMBIA MO, 65201",ASSAULT-SIMPLE,ASSAULT-SIMPLE,EXCEPTIONALLY CLEARED,20
05/09/2024,17:38:14,"ENGINEERING BUILDING, COLUMBIA MO, 65201",BURGLARY,BURGLARY,EXCEPTIONALLY CLEARED,17
05/10/2024,03:30:09,"FAUROT FIELD, COLUMBIA MO, 65201",MOTOR VEHICLE THEFT,MOTOR VEHICLE THEFT,CLOSED,3
05/11/2025,18:14:58,"ELLIS LIBRARY, COLUMBIA MO, 65201",MOTOR VEHICLE THEFT,MOTOR VEHICLE THEFT,ACTIVE,18
05/12/2025,08:10:23,"3315 BERRYWOOD DR, COLUMBIA MO, 65201",DRUG - PARAPHERNALIA / EQUIPMENT,DRUG - PARAPHERNALIA / EQUIPMENT,EXCEPTIONALLY CLEARED,8
05/13/2024,22:14:42,"MEMORIAL UNION, COLUMBIA MO, 65201",HARASSMENT,HARASSMENT,CLOSED,22
05/13/2025,23:03:14,"TRULASKE BUSINESS, COLUMBIA MO, 65201",CRASH INVESTIGATION,CRASH INVESTIGATION,CLOSED,23
05/16/2025,03:11:09,"1133 ASHLAND RD, COLUMBIA MO, 65201",HARASSMENT,HARASSMENT,EXCEPTIONALLY CLEARED,3
05/17/2025,01:50:16,"1 HOSPITAL DR, COLUMBIA MO, 65201",HARASSMENT,HARASSMENT,CLEARED BY ARREST,1
05/21/2024,19:21:33,"STUDENT CENTER, COLUMBIA MO, 65201",HARASSMENT,HARASSMENT,ACTIVE,19
05/23/2024,10:55:16,"1199 E STADIUM BLVD, COLUMBIA MO, 65201",LARCENY - THEFT FROM BUILDING,LARCENY - THEFT FROM BUILDING,CLOSED,10
05/23/2024,05:57:51,"1199 E STADIUM BLVD, COLUMBIA MO, 65201",BURGLARY,BURGLARY,CLEARED BY ARREST,5
05/24/2024,18:31:28,"1 HOSPITAL DR, COLUMBIA MO, 65201",ASSAULT-SIMPLE,ASSAULT-SIMPLE,EXCEPTIONALLY CLEARED,18
05/26/2024,14:20:31,"820 CONLEY AVE, COLUMBIA MO, 65201",BURGLARY,BURGLARY,EXCEPTIONALLY CLEARED,14
05/27/2024,23:43:44,"TIGER PLAZA, COLUMBIA MO, 65201",DRUG - PARAPHERNALIA / EQUIPMENT,DRUG - PARAPHERNALIA / EQUIPMENT,CLOSED,23
05/28/2024,22:49:11,"PARKING LOT A1, COLUMBIA MO, 65201",LARCENY - THEFT FROM BUILDING,LARCENY - THEFT FROM BUILDING,ACTIVE,22
05/29/2025,05:26:16,"TRULASKE BUSINESS, COLUMBIA MO, 65201",CRASH INVESTIGATION,CRASH INVESTIGATION,CLOSED,5
05/30/2024,21:24:08,"GREEK TOWN, COLUMBIA MO, 65201",PROPERTY DAMAGE,PROPERTY DAMAGE,ACTIVE,21
06/02/2025,23:00:15,"812 N KEENE ST, COLUMBIA MO, 65201",BURGLARY,BURGLARY,CLOSED,23
06/05/2024,20:47:10,"HITT STREET, COLUMBIA MO, 65201",ASSAULT-SIMPLE,ASSAULT-SIMPLE,ACTIVE,20
06/05/2025,22:58:44,"ELLIS LIBRARY, COLUMBIA MO, 65201",LARCENY - OTHER,LARCENY - OTHER,CLOSED,22
06/07/2024,11:49:50,"GREEK TOWN, COLUMBIA MO, 65201",LARCENY - THEFT FROM BUILDING,LARCENY - THEFT FROM BUILDING,ACTIVE,11
06/09/2024,01:50:50,"3315 BERRYWOOD DR, COLUMBIA MO, 65201",PROPERTY DAMAGE,PROPERTY DAMAGE,CLOSED,1
06/09/2024,21:19:21,"TRULASKE BUSINESS, COLUMBIA MO, 65201",ASSAULT-SIMPLE,ASSAULT-SIMPLE,CLOSED,21
06/09/2024,10:42:00,"3315 BERRYWOOD DR, COLUMBIA MO, 65201",ASSAULT-SIMPLE,ASSAULT-SIMPLE,CLEARED BY ARREST,10
06/12/2024,23:07:41,"ELLIS LIBRARY, COLUMBIA MO, 65201",LARCENY - THEFT FROM BUILDING,LARCENY - THEFT FROM BUILDING,CLOSED,23
06/12/2025,22:43:50,"1199 E STADIUM BLVD, COLUMBIA MO, 65201",CRASH INVESTIGATION,CRASH INVESTIGATION,EXCEPTIONALLY CLEARED,22
06/14/2024,22:11:33,"TIGER PLAZA, COLUMBIA MO, 65201",LARCENY - THEFT FROM BUILDING,LARCENY - THEFT FROM BUILDING,CLEARED BY ARREST,22
06/16/2025,02:08:32,"MIZZOU ARENA, COLUMBIA MO, 65201",DRUG - PARAPHERNALIA / EQUIPMENT,DRUG - PARAPHERNALIA / EQUIPMENT,ACTIVE,2
06/17/2025,18:29:10,"ELLIS LIBRARY, COLUMBIA MO, 65201",HARASSMENT,HARASSMENT,CLEARED BY ARREST,18
06/18/2025,21:56:01,"FAUROT FIELD, COLUMBIA MO, 65201",HARASSMENT,HARASSMENT,ACTIVE,21
06/20/2024,16:50:58,"FAUROT FIELD, COLUMBIA MO, 65201",HARASSMENT,HARASSMENT,CLOSED,16
06/20/2025,21:05:04,"HITT STREET, COLUMBIA MO, 65201",DRUG - PARAPHERNALIA / EQUIPMENT,DRUG - PARAPHERNALIA / EQUIPMENT,CLEARED BY ARREST,21
06/22/2025,08:57:37,"FAUROT FIELD, COLUMBIA MO, 65201",ASSAULT-SIMPLE,ASSAULT-SIMPLE,CLEARED BY ARREST,8
06/22/2025,05:04:33,"1199 E STADIUM BLVD, COLUMBIA MO, 65201",CRASH INVESTIGATION,CRASH INVESTIGATION,ACTIVE,5
06/25/2024,18:41:35,"1133 ASHLAND RD, COLUMBIA MO, 65201",VANDALISM,VANDALISM,CLOSED,18
06/25/2024,12:24:47,"GREEK TOWN, COLUMBIA MO, 65201",LARCENY - THEFT FROM BUILDING,LARCENY - THEFT FROM BUILDING,CLEARED BY ARREST,12
06/25/2025,23:44:03,"1133 ASHLAND RD, COLUMBIA MO, 65201",PROPERTY DAMAGE,PROPERTY DAMAGE,EXCEPTIONALLY CLEARED,23
06/26/2024,22:27:32,"PARKING LOT C2, COLUMBIA MO, 65201",VANDALISM,VANDALISM,CLEARED BY ARREST,22
07/04/2024,14:25:16,"820 CONLEY AVE, COLUMBIA MO, 65201",HARASSMENT,HARASSMENT,ACTIVE,14
07/10/2024,22:41:43,"1 HOSPITAL DR, COLUMBIA MO, 65201",LARCENY - OTHER,LARCENY - OTHER,CLOSED,22
07/11/2024,12:48:24,"PARKING LOT A1, COLUMBIA MO, 65201",HARASSMENT,HARASSMENT,CLOSED,12
07/11/2025,22:03:28,"PARKING LOT C2, COLUMBIA MO, 65201",CRASH INVESTIGATION,CRASH INVESTIGATION,CLOSED,22
07/13/2025,19:58:43,"MEMORIAL UNION, COLUMBIA MO, 65201",ASSAULT-SIMPLE,ASSAULT-SIMPLE,EXCEPTIONALLY CLEARED,19
07/15/2025,08:02:44,"MIZZOU ARENA, COLUMBIA MO, 65201",LARCENY - OTHER,LARCENY - OTHER,EXCEPTIONALLY CLEARED,8
07/16/2024,01:24:59,"ELLIS LIBRARY, COLUMBIA MO, 65201",LARCENY - OTHER,LARCENY - OTHER,CLOSED,1
07/18/2025,07:00:04,"PARKING LOT A1, COLUMBIA MO, 65201",VANDALISM,VANDALISM,CLOSED,7
07/22/2025,03:09:15,"TRULASKE BUSINESS, COLUMBIA MO, 65201",BURGLARY,BURGLARY,CLEARED BY ARREST,3
07/30/2025,01:54:12,"1 HOSPITAL DR, COLUMBIA MO, 65201",LARCENY - OTHER,LARCENY - OTHER,CLEARED BY ARREST,1
07/31/2024,12:30:54,"MEMORIAL UNION, COLUMBIA MO, 65201",LARCENY - OTHER,LARCENY - OTHER,CLOSED,12
07/31/2025,23:21:59,"ENGINEERING BUILDING, COLUMBIA MO, 65201",HARASSMENT,HARASSMENT,ACTIVE,23
08/03/2025,16:29:30,"812 N KEENE ST, COLUMBIA MO, 65201",LARCENY - THEFT FROM BUILDING,LARCENY - THEFT FROM BUILDING,CLOSED,16
08/03/2025,19:10:35,"820 CONLEY AVE, COLUMBIA MO, 65201",ASSAULT-SIMPLE,ASSAULT-SIMPLE,CLOSED,19
08/05/2024,11:28:02,"3315 BERRYWOOD DR, COLUMBIA MO, 65201",PROPERTY DAMAGE,PROPERTY DAMAGE,CLEARED BY ARREST,11
08/05/2025,20:24:38,"ENGINEERING BUILDING, COLUMBIA MO, 65201",VANDALISM,VANDALISM,CLOSED,20
08/06/2024,18:02:36,"PARKING LOT A1, COLUMBIA MO, 65201",HARASSMENT,HARASSMENT,CLEARED BY ARREST,18
08/10/2024,20:16:43,"1133 ASHLAND RD, COLUMBIA MO, 65201",DRUG - PARAPHERNALIA / EQUIPMENT,DRUG - PARAPHERNALIA / EQUIPMENT,CLEARED BY ARREST,20
08/10/2024,13:36:27,"MEMORIAL UNION, COLUMBIA MO, 65201",MOTOR VEHICLE THEFT,MOTOR VEHICLE THEFT,ACTIVE,13
08/10/2025,20:41:35,"MEMORIAL UNION, COLUMBIA MO, 65201",CRASH INVESTIGATION,CRASH INVESTIGATION,ACTIVE,20
08/10/2025,22:50:30,"REC CENTER, COLUMBIA MO, 65201",BURGLARY,BURGLARY,CLOSED,22
08/11/2025,17:29:13,"TRULASKE BUSINESS, COLUMBIA MO, 65201",BURGLARY,BURGLARY,CLOSED,17
08/11/2025,06:05:17,"812 N KEENE ST, COLUMBIA MO, 65201",ASSAULT-SIMPLE,ASSAULT-SIMPLE,CLEARED BY ARREST,6
08/13/2024,20:32:47,"GREEK TOWN, COLUMBIA MO, 65201",ASSAULT-SIMPLE,ASSAULT-SIMPLE,CLOSED,20
08/14/2025,18:41:27,"PARKING LOT A1, COLUMBIA MO, 65201",ASSAULT-SIMPLE,ASSAULT-SIMPLE,CLEARED BY ARREST,18
08/17/2025,19:03:29,"MEMORIAL UNION, COLUMBIA MO, 65201",DRUG - PARAPHERNALIA / EQUIPMENT,DRUG - PARAPHERNALIA / EQUIPMENT,ACTIVE,19
08/18/2025,12:27:46,"PARKING LOT A1, COLUMBIA MO, 65201",BURGLARY,BURGLARY,ACTIVE,12
08/20/2024,22:13:30,"GREEK TOWN, COLUMBIA MO, 65201",HARASSMENT,HARASSMENT,CLEARED BY ARREST,22
08/20/2025,12:14:20,"ELLIS LIBRARY, COLUMBIA MO, 65201",VANDALISM,VANDALISM,CLOSED,12
08/21/2024,16:16:37,"812 N KEENE ST, COLUMBIA MO, 65201",HARASSMENT,HARASSMENT,EXCEPTIONALLY CLEARED,16
08/22/2025,17:46:11,"FAUROT FIELD, COLUMBIA MO, 65201",HARASSMENT,HARASSMENT,EXCEPTIONALLY CLEARED,17
08/24/2025,16:28:53,"FAUROT FIELD, COLUMBIA MO, 65201",DRUG - PARAPHERNALIA / EQUIPMENT,DRUG - PARAPHERNALIA / EQUIPMENT,ACTIVE,16
08/25/2025,13:00:47,"812 N KEENE ST, COLUMBIA MO, 65201",DRUG - PARAPHERNALIA / EQUIPMENT,DRUG - PARAPHERNALIA / EQUIPMENT,EXCEPTIONALLY CLEARED,13
08/28/2024,19:46:39,"TIGER PLAZA, COLUMBIA MO, 65201",PROPERTY DAMAGE,PROPERTY DAMAGE,EXCEPTIONALLY CLEARED,19
08/28/2025,18:24:16,"HITT STREET, COLUMBIA MO, 65201",LARCENY - THEFT FROM BUILDING,LARCENY - THEFT FROM BUILDING,CLEARED BY ARREST,18
08/30/2024,17:09:02,"PARKING LOT C2, COLUMBIA MO, 65201",VANDALISM,VANDALISM,CLOSED,17
08/30/2025,23:09:42,"FAUROT FIELD, COLUMBIA MO, 65201",LARCENY - OTHER,LARCENY - OTHER,CLOSED,23
08/31/2024,23:36:35,"FAUROT FIELD, COLUMBIA MO, 65201",ASSAULT-SIMPLE,ASSAULT-SIMPLE,EXCEPTIONALLY CLEARED,23
08/31/2025,20:56:52,"PARKING LOT A1, COLUMBIA MO, 65201",CRASH INVESTIGATION,CRASH INVESTIGATION,EXCEPTIONALLY CLEARED,20
09/01/2024,07:29:42,"3315 BERRYWOOD DR, COLUMBIA MO, 65201",LARCENY - THEFT FROM BUILDING,LARCENY - THEFT FROM BUILDING,ACTIVE,7
09/02/2025,12:20:47,"STUDENT CENTER, COLUMBIA MO, 65201",PROPERTY DAMAGE,PROPERTY DAMAGE,CLEARED BY ARREST,12
09/04/2024,12:29:16,"MIZZOU ARENA, COLUMBIA MO, 65201",LARCENY - THEFT FROM BUILDING,LARCENY - THEFT FROM BUILDING,EXCEPTIONALLY CLEARED,12
09/04/2024,14:59:44,"HITT STREET, COLUMBIA MO, 65201",VANDALISM,VANDALISM,ACTIVE,14
09/07/2024,04:36:31,"820 CONLEY AVE, COLUMBIA MO, 65201",LARCENY - THEFT FROM BUILDING,LARCENY - THEFT FROM BUILDING,CLEARED BY ARREST,4
09/07/2025,08:56:23,"PARKING LOT A1, COLUMBIA MO, 65201",PROPERTY DAMAGE,PROPERTY DAMAGE,CLEARED BY ARREST,8
09/09/2024,19:03:00,"MEMORIAL UNION, COLUMBIA MO, 65201",HARASSMENT,HARASSMENT,CLEARED BY ARREST,19
09/12/2024,21:11:46,"GREEK TOWN, COLUMBIA MO, 65201",LARCENY - THEFT FROM BUILDING,LARCENY - THEFT FROM BUILDING,EXCEPTIONALLY CLEARED,21
09/12/2024,13:26:56,"PARKING LOT C2, COLUMBIA MO, 65201",PROPERTY DAMAGE,PROPERTY DAMAGE,ACTIVE,13
09/12/2025,21:49:01,"TRULASKE BUSINESS, COLUMBIA MO, 65201",CRASH INVESTIGATION,CRASH INVESTIGATION,CLOSED,21
09/13/2024,16:14:37,"812 N KEENE ST, COLUMBIA MO, 65201",HARASSMENT,HARASSMENT,EXCEPTIONALLY CLEARED,16
09/14/2024,23:54:46,"812 N KEENE ST, COLUMBIA MO, 65201",HARASSMENT,HARASSMENT,EXCEPTIONALLY CLEARED,23
09/16/2024,11:29:34,"812 N KEENE ST, COLUMBIA MO, 65201",DRUG - PARAPHERNALIA / EQUIPMENT,DRUG - PARAPHERNALIA / EQUIPMENT,ACTIVE,11
09/17/2025,16:36:05,"1199 E STADIUM BLVD, COLUMBIA MO, 65201",PROPERTY DAMAGE,PROPERTY DAMAGE,CLEARED BY ARREST,16
09/18/2024,19:28:37,"820 CONLEY AVE, COLUMBIA MO, 65201",VANDALISM,VANDALISM,ACTIVE,19
09/21/2024,15:14:58,"ELLIS LIBRARY, COLUMBIA MO, 65201",CRASH INVESTIGATION,CRASH INVESTIGATION,EXCEPTIONALLY CLEARED,15
09/23/2024,13:08:37,"1199 E STADIUM BLVD, COLUMBIA MO, 65201",VANDALISM,VANDALISM,EXCEPTIONALLY CLEARED,13
09/23/2024,16:52:55,"1199 E STADIUM BLVD, COLUMBIA MO, 65201",VANDALISM,VANDALISM,EXCEPTIONALLY CLEARED,16
09/24/2025,18:36:59,"PARKING LOT C2, COLUMBIA MO, 65201",DRUG - PARAPHERNALIA / EQUIPMENT,DRUG - PARAPHERNALIA / EQUIPMENT,ACTIVE,18
09/24/2025,23:01:06,"1199 E STADIUM BLVD, COLUMBIA MO, 65201",LARCENY - OTHER,LARCENY - OTHER,CLEARED BY ARREST,23
09/26/2024,19:50:32,"1199 E STADIUM BLVD, COLUMBIA MO, 65201",HARASSMENT,HARASSMENT,CLEARED BY ARREST,19
09/30/2024,01:36:35,"1133 ASHLAND RD, COLUMBIA MO, 65201",HARASSMENT,HARASSMENT,CLOSED,1
09/30/2025,22:04:44,"TIGER PLAZA, COLUMBIA MO, 65201",PROPERTY DAMAGE,PROPERTY DAMAGE,EXCEPTIONALLY CLEARED,22
10/01/2024,19:02:36,"MEMORIAL UNION, COLUMBIA MO, 65201",ASSAULT-SIMPLE,ASSAULT-SIMPLE,ACTIVE,19
10/01/2025,19:32:04,"3315 BERRYWOOD DR, COLUMBIA MO, 65201",ASSAULT-SIMPLE,ASSAULT-SIMPLE,CLEARED BY ARREST,19
10/02/2025,17:55:02,"1 HOSPITAL DR, COLUMBIA MO, 65201",VANDALISM,VANDALISM,ACTIVE,17
10/02/2025,20:10:47,"ELLIS LIBRARY, COLUMBIA MO, 65201",LARCENY - THEFT FROM BUILDING,LARCENY - THEFT FROM BUILDING,EXCEPTIONALLY CLEARED,20
10/02/2025,03:00:20,"1133 ASHLAND RD, COLUMBIA MO, 65201",BURGLARY,BURGLARY,EXCEPTIONALLY CLEARED,3
10/03/2024,15:28:41,"1 HOSPITAL DR, COLUMBIA MO, 65201",BURGLARY,BURGLARY,CLOSED,15
10/04/2024,04:25:15,"812 N KEENE ST, COLUMBIA MO, 65201",ASSAULT-SIMPLE,ASSAULT-SIMPLE,CLOSED,4
10/05/2025,23:45:35,"820 CONLEY AVE, COLUMBIA MO, 65201",CRASH INVESTIGATION,CRASH INVESTIGATION,CLEARED BY ARREST,23
10/05/2025,23:02:00,"GREEK TOWN, COLUMBIA MO, 65201",DRUG - PARAPHERNALIA / EQUIPMENT,DRUG - PARAPHERNALIA / EQUIPMENT,CLEARED BY ARREST,23
10/06/2024,18:23:14,"REC CENTER, COLUMBIA MO, 65201",BURGLARY,BURGLARY,CLEARED BY ARREST,18
10/08/2025,12:38:50,"1133 ASHLAND RD, COLUMBIA MO, 65201",CRASH INVESTIGATION,CRASH INVESTIGATION,CLEARED BY ARREST,12
10/09/2024,03:39:20,"HITT STREET, COLUMBIA MO, 65201",LARCENY - OTHER,LARCENY - OTHER,ACTIVE,3
10/13/2024,19:33:52,"MIZZOU ARENA, COLUMBIA MO, 65201",ASSAULT-SIMPLE,ASSAULT-SIMPLE,CLOSED,19
10/16/2024,00:07:26,"812 N KEENE ST, COLUMBIA MO, 65201",VANDALISM,VANDALISM,ACTIVE,0
10/26/2025,17:22:28,"HITT STREET, COLUMBIA MO, 65201",LARCENY - OTHER,LARCENY - OTHER,EXCEPTIONALLY CLEARED,17
10/26/2025,12:20:04,"REC CENTER, COLUMBIA MO, 65201",LARCENY - OTHER,LARCENY - OTHER,ACTIVE,12
10/27/2025,21:53:37,"PARKING LOT C2, COLUMBIA MO, 65201",PROPERTY DAMAGE,PROPERTY DAMAGE,EXCEPTIONALLY CLEARED,21
10/28/2024,17:26:07,"TRULASKE BUSINESS, COLUMBIA MO, 65201",VANDALISM,VANDALISM,ACTIVE,17
10/29/2024,22:46:56,"MEMORIAL UNION, COLUMBIA MO, 65201",MOTOR VEHICLE THEFT,MOTOR VEHICLE THEFT,EXCEPTIONALLY CLEARED,22
10/30/2024,12:25:43,"TRULASKE BUSINESS, COLUMBIA MO, 65201",VANDALISM,VANDALISM,ACTIVE,12
10/30/2025,10:43:25,"3315 BERRYWOOD DR, COLUMBIA MO, 65201",CRASH INVESTIGATION,CRASH INVESTIGATION,CLEARED BY ARREST,10
11/01/2024,14:58:58,"TRULASKE BUSINESS, COLUMBIA MO, 65201",LARCENY - THEFT FROM BUILDING,LARCENY - THEFT FROM BUILDING,CLOSED,14
11/01/2025,18:39:00,"JESSE HALL, COLUMBIA MO, 65201",VANDALISM,VANDALISM,CLEARED BY ARREST,18
11/02/2025,11:00:46,"TIGER PLAZA, COLUMBIA MO, 65201",LARCENY - OTHER,LARCENY - OTHER,ACTIVE,11
11/09/2024,15:10:09,"1133 ASHLAND RD, COLUMBIA MO, 65201",HARASSMENT,HARASSMENT,CLOSED,15
11/14/2025,12:08:49,"1199 E STADIUM BLVD, COLUMBIA MO, 65201",MOTOR VEHICLE THEFT,MOTOR VEHICLE THEFT,ACTIVE,12
11/15/2024,19:41:38,"ELLIS LIBRARY, COLUMBIA MO, 65201",MOTOR VEHICLE THEFT,MOTOR VEHICLE THEFT,EXCEPTIONALLY CLEARED,19
11/15/2024,17:36:22,"REC CENTER, COLUMBIA MO, 65201",MOTOR VEHICLE THEFT,MOTOR VEHICLE THEFT,CLOSED,17
11/15/2024,13:46:19,"1 HOSPITAL DR, COLUMBIA MO, 65201",ASSAULT-SIMPLE,ASSAULT-SIMPLE,EXCEPTIONALLY CLEARED,13
11/16/2025,21:35:12,"FAUROT FIELD, COLUMBIA MO, 65201",BURGLARY,BURGLARY,CLOSED,21
11/20/2025,14:02:58,"1133 ASHLAND RD, COLUMBIA MO, 65201",LARCENY - THEFT FROM BUILDING,LARCENY - THEFT FROM BUILDING,CLEARED BY ARREST,14
11/21/2024,21:31:50,"820 CONLEY AVE, COLUMBIA MO, 65201",CRASH INVESTIGATION,CRASH INVESTIGATION,CLEARED BY ARREST,21
11/22/2025,21:36:53,"STUDENT CENTER, COLUMBIA MO, 65201",CRASH INVESTIGATION,CRASH INVESTIGATION,ACTIVE,21
11/24/2025,09:30:10,"TIGER PLAZA, COLUMBIA MO, 65201",CRASH INVESTIGATION,CRASH INVESTIGATION,EXCEPTIONALLY CLEARED,9
11/25/2025,20:52:01,"PARKING LOT A1, COLUMBIA MO, 65201",HARASSMENT,HARASSMENT,CLOSED,20
11/26/2024,12:25:53,"FAUROT FIELD, COLUMBIA MO, 65201",PROPERTY DAMAGE,PROPERTY DAMAGE,EXCEPTIONALLY CLEARED,12
11/28/2025,23:16:39,"PARKING LOT C2, COLUMBIA MO, 65201",LARCENY - OTHER,LARCENY - OTHER,CLEARED BY ARREST,23
12/03/2025,15:29:38,"3315 BERRYWOOD DR, COLUMBIA MO, 65201",LARCENY - OTHER,LARCENY - OTHER,CLOSED,15
12/04/2025,12:18:47,"3315 BERRYWOOD DR, COLUMBIA MO, 65201",ASSAULT-SIMPLE,ASSAULT-SIMPLE,ACTIVE,12
12/05/2024,10:26:45,"MIZZOU ARENA, COLUMBIA MO, 65201",LARCENY - OTHER,LARCENY - OTHER,CLEARED BY ARREST,10
12/06/2025,20:32:50,"PARKING LOT A1, COLUMBIA MO, 65201",DRUG - PARAPHERNALIA / EQUIPMENT,DRUG - PARAPHERNALIA / EQUIPMENT,CLEARED BY ARREST,20
12/08/2024,09:02:46,"GREEK TOWN, COLUMBIA MO, 65201",BURGLARY,BURGLARY,CLEARED BY ARREST,9
12/08/2025,21:18:16,"GREEK TOWN, COLUMBIA MO, 65201",DRUG - PARAPHERNALIA / EQUIPMENT,DRUG - PARAPHERNALIA / EQUIPMENT,ACTIVE,21
12/11/2024,23:36:56,"1133 ASHLAND RD, COLUMBIA MO, 65201",LARCENY - THEFT FROM BUILDING,LARCENY - THEFT FROM BUILDING,CLOSED,23
12/12/2024,19:27:36,"3315 BERRYWOOD DR, COLUMBIA MO, 65201",VANDALISM,VANDALISM,EXCEPTIONALLY CLEARED,19
12/13/2025,22:53:42,"820 CONLEY AVE, COLUMBIA MO, 65201",DRUG - PARAPHERNALIA / EQUIPMENT,DRUG - PARAPHERNALIA / EQUIPMENT,EXCEPTIONALLY CLEARED,22
12/17/2025,08:31:46,"1199 E STADIUM BLVD, COLUMBIA MO, 65201",CRASH INVESTIGATION,CRASH INVESTIGATION,CLEARED BY ARREST,8
12/19/2024,10:24:41,"1 HOSPITAL DR, COLUMBIA MO, 65201",CRASH INVESTIGATION,CRASH INVESTIGATION,EXCEPTIONALLY CLEARED,10
12/19/2025,09:58:22,"MIZZOU ARENA, COLUMBIA MO, 65201",LARCENY - OTHER,LARCENY - OTHER,CLEARED BY ARREST,9
12/20/2025,18:19:57,"REC CENTER, COLUMBIA MO, 65201",LARCENY - THEFT FROM BUILDING,LARCENY - THEFT FROM BUILDING,CLEARED BY ARREST,18
12/21/2025,18:16:23,"1 HOSPITAL DR, COLUMBIA MO, 65201",ASSAULT-SIMPLE,ASSAULT-SIMPLE,CLOSED,18
12/21/2025,17:04:22,"PARKING LOT A1, COLUMBIA MO, 65201",MOTOR VEHICLE THEFT,MOTOR VEHICLE THEFT,CLOSED,17
12/22/2024,14:06:09,"1199 E STADIUM BLVD, COLUMBIA MO, 65201",VANDALISM,VANDALISM,CLEARED BY ARREST,14
12/27/2025,18:07:04,"PARKING LOT A1, COLUMBIA MO, 65201",PROPERTY DAMAGE,PROPERTY DAMAGE,ACTIVE,18
12/28/2024,03:14:39,"812 N KEENE ST, COLUMBIA MO, 65201",VANDALISM,VANDALISM,CLEARED BY ARREST,3
12/28/2025,15:27:04,"GREEK TOWN, COLUMBIA MO, 65201",LARCENY - THEFT FROM BUILDING,LARCENY - THEFT FROM BUILDING,CLOSED,15
12/31/2025,20:00:46,"MIZZOU ARENA, COLUMBIA MO, 65201",DRUG - PARAPHERNALIA / EQUIPMENT,DRUG - PARAPHERNALIA / EQUIPMENT,CLEARED BY ARREST,20
